F1,F2,dominates,F1_first_increasing,boundary_ok,passes_numeric_screen,min_F1_minus_F2
TP,TP,True,True,True,True,0.0
TP,TM,False,True,True,False,-0.25
TP,TL,True,True,True,True,-1.1102230246251565e-16
TP,AVG,False,True,False,False,-0.5
TP,THP,False,True,True,False,-0.09016790123456789
TP,TDP,True,True,True,True,0.0
TP,OB,False,True,True,False,-0.10546562731868148
TP,OmM,True,True,True,True,0.0
TP,ODiv,False,True,True,False,-0.125
TP,GM,False,True,True,False,-0.25
TP,HM,False,True,True,False,-0.25
TP,S,False,True,True,False,-0.6796930176552616
TP,CF,False,True,True,False,-0.03703424999999999
TP,CL,False,True,True,False,-0.125
TP,ORS,False,True,True,False,-0.25
TP,FGL,False,True,True,False,-0.7071067811865476
TP,FBPC,True,True,True,True,0.0
TP,FNA,False,True,True,False,-0.25
TP,FNA2,False,True,True,False,-0.495
TP,FIM,False,True,True,False,-1.0
TP,FIP,False,True,True,False,-1.0
TM,TP,True,True,True,True,0.0
TM,TM,True,True,True,True,0.0
TM,TL,True,True,True,True,-1.1102230246251565e-16
TM,AVG,False,True,False,False,-0.5
TM,THP,True,True,True,True,-1.1102230246251565e-16
TM,TDP,True,True,True,True,0.0
TM,OB,True,True,True,True,0.0
TM,OmM,True,True,True,True,0.0
TM,ODiv,True,True,True,True,0.0
TM,GM,False,True,True,False,-0.25
TM,HM,False,True,True,False,-0.17156028368794318
TM,S,False,True,True,False,-0.6796740643362569
TM,CF,True,True,True,True,0.0
TM,CL,True,True,True,True,-1.1102230246251565e-16
TM,ORS,False,True,True,False,-0.25
TM,FGL,False,True,True,False,-0.7071067811865476
TM,FBPC,True,True,True,True,0.0
TM,FNA,True,True,True,True,0.0
TM,FNA2,False,True,True,False,-0.495
TM,FIM,False,True,True,False,-1.0
TM,FIP,False,True,True,False,-1.0
TL,TP,False,True,True,False,-0.25
TL,TM,False,True,True,False,-0.5
TL,TL,True,True,True,True,0.0
TL,AVG,False,True,False,False,-0.5
TL,THP,False,True,True,False,-0.3333333333333333
TL,TDP,True,True,True,True,-1.1102230246251565e-16
TL,OB,False,True,True,False,-0.3535533905932738
TL,OmM,False,True,True,False,-0.14813700000000002
TL,ODiv,False,True,True,False,-0.375
TL,GM,False,True,True,False,-0.5
TL,HM,False,True,True,False,-0.5
TL,S,False,True,True,False,-0.8960189359268066
TL,CF,False,True,True,False,-0.28199608319999997
TL,CL,False,True,True,False,-0.33
TL,ORS,False,True,True,False,-0.38488569731804795
TL,FGL,False,True,True,False,-0.7071067811865476
TL,FBPC,False,True,True,False,-0.14813700000000002
TL,FNA,False,True,True,False,-0.5
TL,FNA2,False,True,True,False,-0.5
TL,FIM,False,True,True,False,-1.0
TL,FIP,False,True,True,False,-1.0
AVG,TP,True,True,False,False,0.0
AVG,TM,True,True,False,False,0.0
AVG,TL,True,True,False,False,0.0
AVG,AVG,True,True,False,False,0.0
AVG,THP,True,True,False,False,0.0
AVG,TDP,True,True,False,False,0.0
AVG,OB,True,True,False,False,0.0
AVG,OmM,True,True,False,False,0.0
AVG,ODiv,True,True,False,False,0.0
AVG,GM,True,True,False,False,0.0
AVG,HM,True,True,False,False,-1.1102230246251565e-16
AVG,S,False,True,False,False,-0.4587321228389387
AVG,CF,True,True,False,False,0.0
AVG,CL,True,True,False,False,0.0
AVG,ORS,True,True,False,False,0.0
AVG,FGL,False,True,False,False,-0.25
AVG,FBPC,True,True,False,False,0.0
AVG,FNA,True,True,False,False,0.0
AVG,FNA2,True,True,False,False,0.0
AVG,FIM,False,True,False,False,-1.0
AVG,FIP,False,True,False,False,-1.0
THP,TP,True,True,True,True,0.0
THP,TM,False,True,True,False,-0.17156028368794324
THP,TL,True,True,True,True,-1.1102230246251565e-16
THP,AVG,False,True,False,False,-0.5
THP,THP,True,True,True,True,0.0
THP,TDP,True,True,True,True,0.0
THP,OB,False,True,True,False,-0.0496559976665919
THP,OmM,True,True,True,True,0.0
THP,ODiv,False,True,True,False,-0.05669999999999997
THP,GM,False,True,True,False,-0.25
THP,HM,False,True,True,False,-0.17157287485577788
THP,S,False,True,True,False,-0.6796740643362569
THP,CF,True,True,True,True,0.0
THP,CL,False,True,True,False,-0.05049180327868852
THP,ORS,False,True,True,False,-0.25
THP,FGL,False,True,True,False,-0.7071067811865476
THP,FBPC,True,True,True,True,0.0
THP,FNA,False,True,True,False,-0.17156028368794324
THP,FNA2,False,True,True,False,-0.495
THP,FIM,False,True,True,False,-1.0
THP,FIP,False,True,True,False,-1.0
TDP,TP,False,True,True,False,-0.9801
TDP,TM,False,True,True,False,-0.99
TDP,TL,False,True,True,False,-0.98
TDP,AVG,False,True,False,False,-0.99
TDP,THP,False,True,True,False,-0.9801980198019802
TDP,TDP,True,True,True,True,0.0
TDP,OB,False,True,True,False,-0.9850375627355538
TDP,OmM,False,True,True,False,-0.9702989999999999
TDP,ODiv,False,True,True,False,-0.98505
TDP,GM,False,True,True,False,-0.99
TDP,HM,False,True,True,False,-0.99
TDP,S,False,True,True,False,-0.999969002463194
TDP,CF,False,True,True,False,-0.9801970299
TDP,CL,False,True,True,False,-0.98
TDP,ORS,False,True,True,False,-0.9850375627355538
TDP,FGL,False,True,True,False,-0.992496851380396
TDP,FBPC,False,True,True,False,-0.9702989999999999
TDP,FNA,False,True,True,False,-0.99
TDP,FNA2,False,True,True,False,-0.99
TDP,FIM,False,True,True,False,-1.0
TDP,FIP,False,True,True,False,-1.0
OB,TP,True,True,True,True,0.0
OB,TM,False,True,True,False,-0.14813701844872484
OB,TL,True,True,True,True,-1.1102230246251565e-16
OB,AVG,False,True,False,False,-0.5
OB,THP,False,True,True,False,-0.028952727485336213
OB,TDP,True,True,True,True,0.0
OB,OB,True,True,True,True,0.0
OB,OmM,True,True,True,True,0.0
OB,ODiv,False,True,True,False,-0.03125
OB,GM,False,True,True,False,-0.25
OB,HM,False,True,True,False,-0.17556466028216644
OB,S,False,True,True,False,-0.6796740643362569
OB,CF,False,True,True,False,-0.0032658203267096897
OB,CL,False,True,True,False,-0.07406850922436242
OB,ORS,False,True,True,False,-0.25
OB,FGL,False,True,True,False,-0.7071067811865476
OB,FBPC,True,True,True,True,0.0
OB,FNA,False,True,True,False,-0.14813701844872484
OB,FNA2,False,True,True,False,-0.495
OB,FIM,False,True,True,False,-1.0
OB,FIP,False,True,True,False,-1.0
OmM,TP,False,True,True,False,-0.14813700000000002
OmM,TM,False,True,True,False,-0.384888
OmM,TL,False,True,True,False,-0.08863200000000004
OmM,AVG,False,True,False,False,-0.5
OmM,THP,False,True,True,False,-0.2134083986013986
OmM,TDP,True,True,True,True,0.0
OmM,OB,False,True,True,False,-0.24999999779120763
OmM,OmM,True,True,True,True,0.0
OmM,ODiv,False,True,True,False,-0.264069
OmM,GM,False,True,True,False,-0.384888
OmM,HM,False,True,True,False,-0.384888
OmM,S,False,True,True,False,-0.7782049130518089
OmM,CF,False,True,True,False,-0.18151656249999998
OmM,CL,False,True,True,False,-0.192444
OmM,ORS,False,True,True,False,-0.25
OmM,FGL,False,True,True,False,-0.7071067811865476
OmM,FBPC,True,True,True,True,-1.1102230246251565e-16
OmM,FNA,False,True,True,False,-0.384888
OmM,FNA2,False,True,True,False,-0.495
OmM,FIM,False,True,True,False,-1.0
OmM,FIP,False,True,True,False,-1.0
ODiv,TP,True,True,True,True,0.0
ODiv,TM,False,True,True,False,-0.125
ODiv,TL,True,True,True,True,-1.1102230246251565e-16
ODiv,AVG,False,True,False,False,-0.5
ODiv,THP,False,True,True,False,-0.018048453139217477
ODiv,TDP,True,True,True,True,0.0
ODiv,OB,True,True,True,True,0.0
ODiv,OmM,True,True,True,True,0.0
ODiv,ODiv,True,True,True,True,0.0
ODiv,GM,False,True,True,False,-0.25
ODiv,HM,False,True,True,False,-0.1740317460317461
ODiv,S,False,True,True,False,-0.6796740643362569
ODiv,CF,False,True,True,False,-0.0029659000000000213
ODiv,CL,False,True,True,False,-0.0625
ODiv,ORS,False,True,True,False,-0.25
ODiv,FGL,False,True,True,False,-0.7071067811865476
ODiv,FBPC,True,True,True,True,0.0
ODiv,FNA,False,True,True,False,-0.125
ODiv,FNA2,False,True,True,False,-0.495
ODiv,FIM,False,True,True,False,-1.0
ODiv,FIP,False,True,True,False,-1.0
GM,TP,True,True,True,True,0.0
GM,TM,True,True,True,True,0.0
GM,TL,True,True,True,True,0.0
GM,AVG,False,True,False,False,-0.5
GM,THP,True,True,True,True,0.0
GM,TDP,True,True,True,True,0.0
GM,OB,True,True,True,True,0.0
GM,OmM,True,True,True,True,0.0
GM,ODiv,True,True,True,True,0.0
GM,GM,True,True,True,True,0.0
GM,HM,True,True,True,True,-1.1102230246251565e-16
GM,S,False,True,True,False,-0.4587321228389387
GM,CF,True,True,True,True,0.0
GM,CL,True,True,True,True,0.0
GM,ORS,True,True,True,True,0.0
GM,FGL,False,True,True,False,-0.7071067811865476
GM,FBPC,True,True,True,True,0.0
GM,FNA,True,True,True,True,0.0
GM,FNA2,False,True,True,False,-0.405
GM,FIM,False,True,True,False,-1.0
GM,FIP,False,True,True,False,-1.0
HM,TP,True,True,True,True,0.0
HM,TM,True,True,True,True,-1.1102230246251565e-16
HM,TL,True,True,True,True,0.0
HM,AVG,False,True,False,False,-0.5
HM,THP,True,True,True,True,0.0
HM,TDP,True,True,True,True,0.0
HM,OB,True,True,True,True,0.0
HM,OmM,True,True,True,True,0.0
HM,ODiv,True,True,True,True,0.0
HM,GM,False,True,True,False,-0.13486238532110092
HM,HM,True,True,True,True,0.0
HM,S,False,True,True,False,-0.5934140689829629
HM,CF,True,True,True,True,0.0
HM,CL,True,True,True,True,0.0
HM,ORS,False,True,True,False,-0.13486238532110092
HM,FGL,False,True,True,False,-0.7071067811865476
HM,FBPC,True,True,True,True,0.0
HM,FNA,True,True,True,True,-1.1102230246251565e-16
HM,FNA2,False,True,True,False,-0.4851980198019802
HM,FIM,False,True,True,False,-1.0
HM,FIP,False,True,True,False,-1.0
S,TP,True,True,True,True,0.0
S,TM,True,True,True,True,0.0
S,TL,True,True,True,True,0.0
S,AVG,False,True,False,False,-0.5
S,THP,True,True,True,True,0.0
S,TDP,True,True,True,True,0.0
S,OB,True,True,True,True,0.0
S,OmM,True,True,True,True,0.0
S,ODiv,True,True,True,True,0.0
S,GM,True,True,True,True,0.0
S,HM,True,True,True,True,0.0
S,S,True,True,True,True,0.0
S,CF,True,True,True,True,0.0
S,CL,True,True,True,True,0.0
S,ORS,True,True,True,True,0.0
S,FGL,False,True,True,False,-0.7071067811865476
S,FBPC,True,True,True,True,0.0
S,FNA,True,True,True,True,0.0
S,FNA2,False,True,True,False,-0.02844723028510293
S,FIM,False,True,True,False,-1.0
S,FIP,False,True,True,False,-1.0
CF,TP,True,True,True,True,0.0
CF,TM,False,True,True,False,-0.2200168224
CF,TL,True,True,True,True,-1.1102230246251565e-16
CF,AVG,False,True,False,False,-0.5
CF,THP,False,True,True,False,-0.07366550454169278
CF,TDP,True,True,True,True,0.0
CF,OB,False,True,True,False,-0.07230339059327379
CF,OmM,True,True,True,True,0.0
CF,ODiv,False,True,True,False,-0.09695999999999999
CF,GM,False,True,True,False,-0.25
CF,HM,False,True,True,False,-0.2210173413978495
CF,S,False,True,True,False,-0.6796740643362569
CF,CF,True,True,True,True,0.0
CF,CL,False,True,True,False,-0.1140819228
CF,ORS,False,True,True,False,-0.25
CF,FGL,False,True,True,False,-0.7071067811865476
CF,FBPC,True,True,True,True,0.0
CF,FNA,False,True,True,False,-0.2200168224
CF,FNA2,False,True,True,False,-0.495
CF,FIM,False,True,True,False,-1.0
CF,FIP,False,True,True,False,-1.0
CL,TP,False,True,True,False,-0.125
CL,TM,False,True,True,False,-0.33
CL,TL,True,True,True,True,0.0
CL,AVG,False,True,False,False,-0.5
CL,THP,False,True,True,False,-0.18010276318794244
CL,TDP,True,True,True,True,-1.1102230246251565e-16
CL,OB,False,True,True,False,-0.21023328294358168
CL,OmM,False,True,True,False,-0.06708799999999987
CL,ODiv,False,True,True,False,-0.22109999999999996
CL,GM,False,True,True,False,-0.3660208329565867
CL,HM,False,True,True,False,-0.3507936507936509
CL,S,False,True,True,False,-0.7548723140402035
CL,CF,False,True,True,False,-0.1603370496
CL,CL,True,True,True,True,0.0
CL,ORS,False,True,True,False,-0.25
CL,FGL,False,True,True,False,-0.7071067811865476
CL,FBPC,True,True,True,True,-1.1102230246251565e-16
CL,FNA,False,True,True,False,-0.33
CL,FNA2,False,True,True,False,-0.495
CL,FIM,False,True,True,False,-1.0
CL,FIP,False,True,True,False,-1.0
ORS,TP,True,True,True,True,0.0
ORS,TM,False,True,True,False,-0.14813701844872484
ORS,TL,True,True,True,True,-1.1102230246251565e-16
ORS,AVG,False,True,False,False,-0.5
ORS,THP,False,True,True,False,-0.028952727485336213
ORS,TDP,True,True,True,True,0.0
ORS,OB,True,True,True,True,0.0
ORS,OmM,True,True,True,True,0.0
ORS,ODiv,False,True,True,False,-0.03125
ORS,GM,False,True,True,False,-0.25
ORS,HM,False,True,True,False,-0.17556466028216644
ORS,S,False,True,True,False,-0.6796740643362569
ORS,CF,False,True,True,False,-0.0032658203267096897
ORS,CL,False,True,True,False,-0.03703425461218121
ORS,ORS,True,True,True,True,0.0
ORS,FGL,False,True,True,False,-0.7071067811865476
ORS,FBPC,True,True,True,True,0.0
ORS,FNA,False,True,True,False,-0.14813701844872484
ORS,FNA2,False,True,True,False,-0.405
ORS,FIM,False,True,True,False,-1.0
ORS,FIP,False,True,True,False,-1.0
FGL,TP,True,True,True,True,0.0
FGL,TM,True,True,True,True,0.0
FGL,TL,True,True,True,True,0.0
FGL,AVG,False,True,False,False,-0.5
FGL,THP,True,True,True,True,0.0
FGL,TDP,True,True,True,True,0.0
FGL,OB,True,True,True,True,0.0
FGL,OmM,True,True,True,True,0.0
FGL,ODiv,True,True,True,True,0.0
FGL,GM,True,True,True,True,0.0
FGL,HM,True,True,True,True,0.0
FGL,S,False,True,True,False,-0.458719504656492
FGL,CF,True,True,True,True,0.0
FGL,CL,True,True,True,True,0.0
FGL,ORS,True,True,True,True,0.0
FGL,FGL,True,True,True,True,0.0
FGL,FBPC,True,True,True,True,0.0
FGL,FNA,True,True,True,True,0.0
FGL,FNA2,False,True,True,False,-0.405
FGL,FIM,False,True,True,False,-1.0
FGL,FIP,False,True,True,False,-1.0
FBPC,TP,False,True,True,False,-0.25
FBPC,TM,False,True,True,False,-0.384888
FBPC,TL,False,True,True,False,-0.25
FBPC,AVG,False,True,False,False,-0.5625
FBPC,THP,False,True,True,False,-0.25
FBPC,TDP,False,True,True,False,-0.25
FBPC,OB,False,True,True,False,-0.25
FBPC,OmM,False,True,True,False,-0.25
FBPC,ODiv,False,True,True,False,-0.264069
FBPC,GM,False,True,True,False,-0.47245553203367585
FBPC,HM,False,True,True,False,-0.41902066666666665
FBPC,S,False,True,True,False,-0.8335189359268066
FBPC,CF,False,True,True,False,-0.25
FBPC,CL,False,True,True,False,-0.25
FBPC,ORS,False,True,True,False,-0.25
FBPC,FGL,False,True,True,False,-0.7359773105863908
FBPC,FBPC,True,True,True,True,0.0
FBPC,FNA,False,True,True,False,-0.384888
FBPC,FNA2,False,True,True,False,-0.495
FBPC,FIM,False,True,True,False,-1.0
FBPC,FIP,False,True,True,False,-1.0
FNA,TP,False,False,True,False,-0.49
FNA,TM,False,False,True,False,-0.49
FNA,TL,False,False,True,False,-0.49
FNA,AVG,False,False,False,False,-0.5
FNA,THP,False,False,True,False,-0.49
FNA,TDP,False,False,True,False,-0.49
FNA,OB,False,False,True,False,-0.49
FNA,OmM,False,False,True,False,-0.49
FNA,ODiv,False,False,True,False,-0.49
FNA,GM,False,False,True,False,-0.49498743710661997
FNA,HM,False,False,True,False,-0.4949748743718593
FNA,S,False,False,True,False,-0.6796740643362569
FNA,CF,False,False,True,False,-0.49
FNA,CL,False,False,True,False,-0.49
FNA,ORS,False,False,True,False,-0.49
FNA,FGL,False,False,True,False,-0.7071067811865476
FNA,FBPC,False,False,True,False,-0.48009999999999997
FNA,FNA,True,False,True,False,0.0
FNA,FNA2,False,False,True,False,-0.495
FNA,FIM,False,False,True,False,-1.0
FNA,FIP,False,False,True,False,-1.0
FNA2,TP,False,False,True,False,-0.49
FNA2,TM,False,False,True,False,-0.49
FNA2,TL,False,False,True,False,-0.49
FNA2,AVG,False,False,False,False,-0.5
FNA2,THP,False,False,True,False,-0.49
FNA2,TDP,False,False,True,False,-0.49
FNA2,OB,False,False,True,False,-0.49
FNA2,OmM,False,False,True,False,-0.49
FNA2,ODiv,False,False,True,False,-0.49
FNA2,GM,False,False,True,False,-0.49498743710661997
FNA2,HM,False,False,True,False,-0.4949748743718593
FNA2,S,False,False,True,False,-0.6796740643362569
FNA2,CF,False,False,True,False,-0.49
FNA2,CL,False,False,True,False,-0.49
FNA2,ORS,False,False,True,False,-0.49
FNA2,FGL,False,False,True,False,-0.7071067811865476
FNA2,FBPC,False,False,True,False,-0.48009999999999997
FNA2,FNA,True,False,True,False,0.0
FNA2,FNA2,True,False,True,False,0.0
FNA2,FIM,False,False,True,False,-1.0
FNA2,FIP,False,False,True,False,-1.0
FIM,TP,True,True,True,True,0.0
FIM,TM,True,True,True,True,0.0
FIM,TL,True,True,True,True,-1.1102230246251565e-16
FIM,AVG,False,True,False,False,-0.5
FIM,THP,True,True,True,True,-1.1102230246251565e-16
FIM,TDP,True,True,True,True,0.0
FIM,OB,True,True,True,True,0.0
FIM,OmM,True,True,True,True,0.0
FIM,ODiv,True,True,True,True,0.0
FIM,GM,False,True,True,False,-0.25
FIM,HM,False,True,True,False,-0.17156028368794318
FIM,S,False,True,True,False,-0.6796740643362569
FIM,CF,True,True,True,True,0.0
FIM,CL,True,True,True,True,-1.1102230246251565e-16
FIM,ORS,False,True,True,False,-0.25
FIM,FGL,False,True,True,False,-0.25
FIM,FBPC,True,True,True,True,0.0
FIM,FNA,True,True,True,True,0.0
FIM,FNA2,False,True,True,False,-0.495
FIM,FIM,True,True,True,True,0.0
FIM,FIP,False,True,True,False,-0.25
FIP,TP,True,True,True,True,0.0
FIP,TM,True,True,True,True,0.0
FIP,TL,True,True,True,True,-1.1102230246251565e-16
FIP,AVG,False,True,False,False,-0.5
FIP,THP,True,True,True,True,-1.1102230246251565e-16
FIP,TDP,True,True,True,True,0.0
FIP,OB,True,True,True,True,0.0
FIP,OmM,True,True,True,True,0.0
FIP,ODiv,True,True,True,True,0.0
FIP,GM,False,True,True,False,-0.25
FIP,HM,False,True,True,False,-0.17156028368794318
FIP,S,False,True,True,False,-0.6796740643362569
FIP,CF,True,True,True,True,0.0
FIP,CL,True,True,True,True,-1.1102230246251565e-16
FIP,ORS,False,True,True,False,-0.25
FIP,FGL,False,True,True,False,-0.25
FIP,FBPC,True,True,True,True,0.0
FIP,FNA,True,True,True,True,0.0
FIP,FNA2,False,True,True,False,-0.495
FIP,FIM,True,True,True,True,0.0
FIP,FIP,True,True,True,True,0.0
