section,method_or_family,precision,recall,F1_or_ODS,OIS,AP,R50,ROC_AUC,largest_component_gt_coverage,components,endpoints
heldout_final,MFI-Edge-SCHARR-GL,0.9971567151697608,0.8420169551395267,0.9130435854521317,,,,,0.47716638082872453,5.766666666666667,9.0
heldout_no_link,MFI-Edge-SCHARR,0.9975038136180835,0.8315966089720946,0.9070259659847995,,,,,0.2827413974182127,12.066666666666666,21.233333333333334
heldout_continuous,MFI-Edge-SCHARR,,,0.9070259659847995,0.923829190585787,0.9602370980577427,0.9692688096079124,0.7189621925421237,,,
heldout_baseline,SOBEL,,,0.8631433915,0.9089243755,0.8848273947,0.9466619569,0.6544484,,,
heldout_baseline,PREWITT,,,0.8473771215,0.8976035883,0.8798045254,0.946926881,0.6097460043,,,
heldout_baseline,SCHARR,,,0.8256296541,0.8947762128,0.8082482688,0.9129282939,0.6779198882,,,
validation_link,MFI-geodesic,0.9992734318236861,0.8519459676340778,0.9197472444977791,0.9563545187913199,0.9544116468528179,0.9691052561187642,,0.5368357172034501,5.175,7.95
validation_link,none,0.9995728321230244,0.8408452587936338,0.9133642848413301,0.9524240041114538,0.9587786855102685,0.970175203958807,,0.3031161392217907,13.675,24.25
test_family,saltpepper,1.0,0.990053951249806,0.9949044904490449,,,,,0.6498740332183176,6.333333333333333,5.0
test_family,clean,1.0,0.9645354645354645,0.9813910638086462,,,,,0.8141129703629703,1.3333333333333333,2.6666666666666665
test_family,illumination,1.0,0.9387171674311726,0.967170070929411,,,,,0.6424791177408978,3.1666666666666665,5.666666666666667
test_family,blur,1.0,0.8874176626055523,0.939995962007337,,,,,0.3878094480123646,5.5,9.333333333333334
test_family,gaussian,1.0,0.8792968019605741,0.9346348937493304,,,,,0.4790790483611079,7.333333333333333,10.666666666666666
test_family,gap,1.0,0.874077185734032,0.9297229752497977,,,,,0.539719225569539,3.3333333333333335,5.333333333333333
test_family,speckle,1.0,0.8607800533996165,0.9242948279769613,,,,,0.4060916702467385,7.666666666666667,11.666666666666666
test_family,texture,1.0,0.7124290380721101,0.8271498636751128,,,,,0.3457351998553046,5.5,10.0
test_family,compound,0.949280558026724,0.6839116308633222,0.7860050896146902,,,,,0.27312750311310535,8.666666666666666,12.666666666666666
test_family,motion,1.0,0.6479226824419363,0.768675382133248,,,,,0.23363559180689922,8.833333333333334,17.0
