method,roi_q,roi_dilation,ODS,OIS,AP,R50,ROC_AUC
MFI-Edge-SCHARR,0.70,0,0.8758719741,0.8437847353,0.8116365930,0.9053301512,0.7771291715
MFI-Edge-LOG,0.70,0,0.8757869773,0.8469303164,0.8061674188,0.9244232299,0.7579608899
MFI-Edge-SOBEL,0.70,0,0.8737533805,0.8424359402,0.8130773444,0.8981702466,0.7796910587
MFI-Edge-GAUSSIAN_GRAD,0.70,0,0.8715157622,0.8399078829,0.8092990007,0.8941925219,0.7870901420
MFI-Edge-PREWITT,0.70,0,0.8708224618,0.8416824041,0.8164230937,0.8894192522,0.7779099062
MFI-Edge-ROBERTS,0.70,0,0.8271804297,0.8000873807,0.7168686087,0.9236276850,0.6381335539
MFI-Edge-LAPLACIAN,0.80,0,0.7322965551,0.6982217268,0.6066775321,0.8289578361,0.7421977634
MFI-Edge-CANNY,0.80,0,0.5927280000,0.6351160000,0.4197270000,0.0000000000,
MFI,NA,0,0.4190400610,0.3843840880,0.2780412231,0.0000000000,0.9108622212
