method,ODS,OIS,AP,R50,ROC_AUC
MFI-Edge-SCHARR-oriented,0.563347,0.564336,0.499198,0.546005,0.625245
MFI-Edge-SCHARR-rotinv,0.541282,0.543591,0.467007,0.529459,0.620909
MFI-Edge-SCHARR-combined,0.523962,0.524037,0.438650,0.519572,0.617266
MFI-Edge-SCHARR-legacy,0.496050,0.495406,0.385587,0.000000,0.600522
SCHARR,0.440088,0.439120,0.307430,0.000000,0.551498
MFI-oriented,0.247489,0.269542,0.147082,0.000000,0.797799
MFI-combined,0.243855,0.257100,0.150811,0.000000,0.788941
MFI-rotinv,0.235040,0.259200,0.138511,0.000000,0.780483
MFI-legacy,0.224682,0.234950,0.134587,0.000000,0.747698
CANNY,0.107144,0.111676,0.056604,0.000000,0.572794
