rank,operator,ODS,OIS,AP,ROC_AUC
1,CF1F2_CL_CL,0.4190400609839535,0.3843840879910025,0.2780412231209281,0.9108622211971732
2,CC_CL,0.3688156159882675,0.3479009777270949,0.2335241456405176,0.8891445810093429
3,CF_CL,0.3385094566199789,0.2598122205834366,0.2179881742990047,0.8766504679747981
4,CF1F2_CL_TL,0.2649920855281936,0.2659327618809717,0.1553104512613976,0.8282583706888207
5,CF1F2_TM_TM,0.252833,0.182002,0.154237,0.836189
6,CF1F2_TM_FNA,0.252833,0.182002,0.154237,0.836189
7,CC_TM,0.249582,0.180435,0.151561,0.835120
8,CF1F2_TM_CL,0.235601,0.173786,0.134466,0.834723
9,CC_TDP,0.199824,0.130462,0.113194,0.744495
10,CF1F2_TDP_TDP,0.199824,0.130462,0.113194,0.744495
